first|last|address|city|state|zip5|zip4
TIMOTHY|CARPENTER|2072 WOW RD|CONROE|TX|19355|1503
ANTHONY|TYRELL|6534 COLOSSAL LN|FALLS CREEK|MI|67219|1629
GERMESE|WRIGHT|1099 GERNAND CT|HUDSONVILLE|CO|20874|2792
LAURA|JERUSALEM|209 MAPLE AVE|GREENVILLE|TX|92625|9704
JAMES|DOURA|5572 FREEPORT DR|CHARLOTTE|CA|53948|3058
MARY|OAKS|2911 SEYMOUR HWY|MIAMI BEACH|OH|67846|3465
CAROLANNE|JIANG|86950 573 AVE|SAN ANTONIO|MA|07876|4043
DAVID|GRONZALSKI|262 GERTRUDE ST|CHICAGO|MN|71107|2034
LARRY|KRAMER|353 FLORA ST S|MEAD|TX|27527|2518
NANCY|KRUSER|8217 WAGNER CREEK RD|FITCHBURG|GA|78380|4307
MARIA|CHINUT|2505 E WILLIAMS FIELD RD|SAUGERTIES|NY|07656|4916
JESSICA|FARRAR|6354 FENN RD|GRAND RAPIDS|WV|30318|2858
DAVID|SALGUERO|PO BOX 393|WALNUT CREEK|LA|23601|5035
WILNER|TODD JR|316 PEARL ST|ENID|MA|93536|3097
LINDA|TERRELL JR|1423 SHETLAND DR|DELANCEY|FL|61048|2150
JULIAN|SCHOPICK|19425 OLNEY MILL RD|MIDDLE RIVER|NY|10940|2849
JASMIN|HOOKS|612 DEWITT ST|LAS VEGAS|GA|32967|3137
MARY|PARDI|1751 CAN DO WAY|SAN MARCOS|TX|60402|2617
ROBIN|FLANDERS|2504 BREDON CT|WILMETTE|FL|46068|4927
JODI|MULVIHILL|13200 WHITE CEDAR CT|LANCASTER|NJ|90063|2818
JOHN|SHAN|351 GARDEN ST|NASHVILLE|RI|03820|9505
NEVIN|WILSON|981 VERNIER RD|PAINESVILLE|DE|91775|5302
DALE|CALLAWAY|319 N WARPATH DR|FORT WORTH|WI|21778|4781
BETH|SMITH|7011 LIBERTY DR|SCOTLAND NECK|SC|74016|8408
BROOKE|SHUMAN|226 TRANQUIL PT|BUMPASS|SD|98902|5619
JOHN|ABERY|130 N MADISON RD|BRANSON|FL|35224|5001
SARA|FOOTE|520 BRADLEY ST|ESPANOLA|TN|33706|2883
HARRY|DEMARTELEIRE|5411 MAIN ST|SPRING CITY|TX|01757|2036
JEFFREY|PROBST|50 2ND ST|AMARILLO|TX|48180|6306
EDGAR|LOW KAH|265 GREVE DR|BERKELEY SPRINGS|VA|75044|6068
DAERA|BUTCHER|225 S 3RD ST|TORRANCE|CA|49090|6075
BRETT|AUSENCIO|4075 FOREST CREEK DR SE|FAIRFIELD TOWNSHIP|TN|49022|2733
JONES|SCHAEFFER|25 PRESCOTT ST|LUMBERTON|TX|08053|2485
JAMES|LA MERE|3776 MAIN HEWETT CREEK RD|ASHEVILLE|OH|70506|3549
KRISTEN|HARRIS|5 CHERRY LN|JUNE LAKE|TN|92118|2724
MICHELLE|GOLIA|2397 WILSON DR|SOUTHAVEN|PA|97404|9712
AIDAN|ALKURD|5605 COLEBROOK TRL|HAWTHORNE|TN|35405|1048
DEMPSEY|BEGLEY|291 VALLEY LN|BOGART|FL|54729|3602
JAMES|CARPENTER|7220 E MARY SHARON DR|BROOKLYN|VA|37208|2056
PAUL|TRAUGER|421 BENNETT DR|LEXINGTON|HI|53705|4330
DEVON|COMPARAN|766 RICH DR|MOUNT CARMEL|CA|53589|1207
DAVID|HASKINS|8892 SE 118TH LN|PITTSFIELD|AZ|92506|3433
ZETH|MCCANCE|4289 E JENNINGS LOOP|WILKES BARRE|IN|94080|8913
CHELSEA|PALMER JR|1588 11TH ST|SUFFOLK|MN|33703|2036
ASHLEY|KAMPINGA|E1468 HILL RD|OVIEDO|UT|74012|4258
JONATHAN|MORGAN|2500 MCKINNEY AVE|KINGSLAND|CO|34134|6972
SUSAN|GRAY|15261 N TRENTON AVE|CLINTON TOWNSHIP|TN|75002|5493
RAMON|FARLEY|6 ARCHWAY LN|NORTHVILLE|MA|11725|0281
JODEE|IBRAHIM|PO BOX 1072|BUENA PARK|WA|22701|1225
CODY|HO|9114 PIPER LN|SALEM|CA|10920|8991
ROGER|PEREZ|405 COLLEGE PARK DR|WAXAHACHIE|VA|70394|4766
NATHAN|RICO|3033 HIGHWAY 160|VIENNA|MO|21227|6413
PATRICIA|JETHI|3709 E FRIESS DR|SAINT JOSEPH|MD|33175|4372
DIANE|ROGERS|2981 S IVORY CT|MILTON FREEWATER|NY|36201|6171
MIKEL|DALECCIO|1985 HIGHWAY 20 NE|SHAKOPEE|NY|98074|9685
VICTORIANO|PATTON|PO BOX 291074|WAHIAWA|NV|49858|5909
MARCUS|WRIGHT|25842 KESWICK LN|COLUMBIA|OH|95316|8439
TANNER|LABORDE|9416 HOLLIS COURT BLVD|ERIE|OR|50501|1245
RACHEL|SANTAROSA|9841 BONNIE VISTA DR|SAINT LOUIS|NY|10031|9302
MERHAWI|CROCKETT V|1676 ENGLEWOOD AVE|SPOTSYLVANIA|OK|30533|5526
DELORES|BUTLER|20719 CYPRESS LILLY DR|BECKVILLE|MN|43608|2153
SARAH|DEL ROSARIO|178 LYNWOOD DR|EXMORE|NY|35226|7303
TRACY|FIERRO|3200 RIVER LODGE TRL S|JEROME|CA|07456|7725
FRANK|NISHIMAKI|12136 SOLON DR|HODGKINS|NC|10473|2637
JONNIE|MERRITT|740 W FLEMING RD|RAEFORD|MD|60656|2043
MICHAEL|AMARO|3223 NW 33RD ST|SAN DIEGO|LA|54143|3757
DEBORAH|SALDIERNA|7347 BURRWOOD DR|PATERSON|AL|60501|9735
KARON|DAY|3558 MARSDALE CT|CARLSBAD|AL|35007|9333
TERRANCE|YOO|807 BRIDGES CHAPEL RD|MODESTO|MN|32205|5718
TERRI|CARTER|44967 QUAKER HILL DR|NEW HYDE PARK|IA|27012|2446
GAMAL|AKANA SR|6509 E OSBORN RD|STILLWATER|AZ|66753|3625
ELAINE|GODFREY|1443 COMMONWEALTH AVE|KISSIMMEE|NH|99337|2071
JAIME|MCCOWN|6751 SW 64TH ST|CLINTON|CT|27537|9457
VIRGINIA|SULLIVAN|109 WENTZ DR|CAPE CORAL|OH|30032|9699
DEVIN|ROMAN|57 YORKSHIRE RD|MISSION HILLS|IL|08831|6080
KARON|GARCIA|6815 147TH ST|CALDWELL|TX|89015|1563
LETICIA|TURNER|151 N COOPERS HAWK WAY|EGG HARBOR|CO|72740|3121
ANDREA|NEMCHEK|4384 ROSWELL DR|YUKON|OH|20111|1701
DANIEL|WALKER|8944 VANDEGRIFF WAY|ASTON|DC|51442|1421
EVAN|PUZZO|PO BOX 4392|HOUSTON|SD|84103|2436
MARIO|CHOATE JR|9061 202ND ST|PHILADELPHIA|KS|60004|7822
JAXSON|LANGE|103 LOPEZ PL|MANASSAS PARK|FL|80218|6728
CHRISTOPHER|NICHOLS|3830 SAINT REGIS DR|WEST COVINA|IL|33935|5519
YLANA|ROBISON|519 VINE ST|MOUNT PLEASANT|PA|94134|2257
LAVETTE|EVIDENTE|1819 HOWARD DR|CORVALLIS|GA|30024|1828
PATRICIA|THOMAS|2276 LAKE RD|TUNAS|MO|29645|5612
SAMANTHA|GERBER|14732 SEAFORTH AVE|WALNUT COVE|LA|16508|2675
ENRIQUE|FREIJE|17022 CROSS SPRINGS DR|THREE RIVERS|GA|07801|2164
ANGELA|LUNA|23 RESORT RD|SILVER SPRINGS|OR|95355|4620
NICOLE|ROJAS|850 S LONGMORE|ROUND ROCK|TX|20872|8514
SHANTANIQUE|TOMPKINS|10795 E VIRGINIA AVE|FORT MYERS|MD|71106|8828
JANET|HAWKINS|206 JAMES RD|INDIANAPOLIS|OR|19462|2224
SCOTT|BARNS|302 S 14TH ST|SCOTTSDALE|MN|32256|2942
AMY|BRISTOL|441 W 2300 S|LISMAN|PA|37087|4228
JOHN|BEECHER|5513 N OCEAN BLVD|MILWAUKEE|VA|29403|4363
JAMES|DITTMER|7963 COMPTON CT|NEW CANAAN|FL|68025|3240
DANIEL|PETERSON|10130 SHAYNA DR|FORT MYERS|MI|74126|9740
ELIZABETH|MANNING|108 DELLVILLE DAM RD|WAURIKA|GA|77015|4360
SHELLI|HUTTO|30102 LAZY LN|KATY|OH|18974|1007
RICHARD|BAKER|3277 S COTTONWOOD DR|BLOOMINGTON|TX|08701|1706
AMBER|CASCIANO|706 PARKVIEW AVE|BOAZ|MA|44121|5689
MARQUESE|MABJABEEN|9308 74TH PL|BROOTEN|NJ|46236|7028
EMILY|DELCASTILLO|7001 BOTHWELL RD|ALAMOGORDO|IL|16611|3544
JUAN|CALHOUN|3049 PARKSIDE DR|CHICAGO|NM|02121|7491
MIRIAM|PENA|407 BUICK ST|BROOKLYN|CA|22485|5442
GRACE|KANE|1324 MURPHY RD|MILWAUKEE|CA|78606|4136
MICHAEL|WOODCOCK|907 E LACROSSE AVE|FORD CITY|FL|97756|5382
MONICA|FLORES|680 GOLD RIDGE RD|WILLIAMSPORT|IA|54136|2802
CANDICE|HOGG|4688 PORTOLA DR|MERCEDES|TX|98328|5798
DONNA|LOZANO|3199 NIGHTFALL CIR|WARREN|PA|33637|1927
ALEXANDER|HUGHES|31 LAWRENCE ST|FREELAND|WA|23314|2821
VERNA|MURPHY|1231 LANDON AVE|FALLBROOK|TX|48192|7901
JOSEPH|ROTA|5628 N PALO CRISTI RD|ORLANDO|OH|40504|5944
CARRICK|BERRAHMOUNE|823 YUCCA|OLIVE BRANCH|UT|85349|2921
ISABELLA|SYKES|7815 PECAN HTS|NINILCHIK|CA|53151|3102
RACHELLE|MUSE|209 NATCHEZ TRCE|LITTLETON|NJ|94538|9431
MAYA|KERR|49132 PALO VERDE RD|ROCHELLE|NY|38917|3046
JOHN|KIM|4765 QUAIL RUN PL|MOJAVE|AZ|30349|2958
STANLEY|PETERS|103 LINDSEY LN|YORK|VA|49286|8236
JEFFREY|ADAMS|7440 NAVARRE RD SW|MINNEAPOLIS|AL|44146|2805
GENA|MARTINEZ|2850 CHARLESTOWN RD|CANAL WINCHESTER|SC|17922|4868
TAMMY|CALHOUN|1538 10TH ST|FREEPORT|NC|29212|4455
MAURICE|HARDY|1313 1/2 WASHINGTON ST|NORFOLK|FL|80249|6404
LAWRENCE|BURTNETT|PO BOX 30796|VINCENNES|CA|93657|7949
BRIAN|GILL|1415 RISEN STAR CT|MADISON|LA|83204|3245
JEREMY|JORDAN|1905 MAPLE RD|LAS VEGAS|IL|33461|3211
DARREL|MELLOY|1415 168TH AVE SE|BONITA|AZ|52003|1166
KEVIN|VILLARREAL|40 S CHERRY ST|MIDLOTHIAN|FL|48820|0139
ROBIN|MAXEY|1602 PONDCREST LN|NEW ORLEANS|MI|33596|9128
RICHARD|WILLIAMS|1512 RIVERPARK PKWY|TUCSON|FL|85143|8119
AJIA|VANRIDER|12355 SW 49TH CT|FRANKLIN|AR|11510|3666
AMBER|WHITLEY|504 GREEN ST|RUTHERFORD|TX|19125|1886
DENNIS|AMBURGEY|8014 FERNCLIFF DR|KISSIMMEE|AZ|35763|1432
MINDY|RIOS|7035 N PRESIDIO DR|SAVANNAH|IA|10472|4839
GEORGE|HUBBARD|1 MURDOCK DR|CHESTERFIELD|TX|94587|4703
AISHA|MCCULLEY|303 N EDGEWOOD ST|DADE CITY|CO|37807|2053
STACEY|DICKSON|4924 GRANT DR|PETERBOROUGH|MI|19146|2034
LUCIA|HODSON|23608 62ND AVE E|CARY|TX|47265|3269
ALEX|COOPER|120 NORTHWOOD DR|MARYVILLE|MD|95822|8075
BILLY|VELASQUEZ|1217 15TH ST|CHINO|DE|79108|1112
KIMBERLY|REICHOW|825 12TH ST|WILLOWICK|IN|65790|2483
MARIE|REWICK|38191 NW HAHN RD|JACKSONVILLE|NC|98275|3102
JOAN|RAWITZ|2209 CARRIAGE OAKS DR|SEASIDE PARK|GA|92881|2832
JEREMY|KING|4360 ISABELLINE BLF|EAGLE|FL|54911|5342
BETTY|QUICK JR|40655 KOKANEE LN|LUBBOCK|TX|89104|6715
TOMMY|WATERS|602 8TH ST|SALINA|NY|33063|3139
BENOIT|WILLIAMS|9904 VILLA VERDE DR|LAS VEGAS|OH|30071|5200
RENE|SIBLEY|1803 BOAT POINT DR|LITTLETON|CA|07036|9239
TYLER|LUFT|296 FALCONER ST|MENTOR|FL|27517|4210
KHALED|PSURNY|1480 MIDDLE GULF DR|JACKSONVILLE BEACH|NY|30045|2029
ISSAC|HENRY|804 BUCKSKIN CT|HOUSTON|CT|75249|2666
STAPHANE|JOSEPHSON|1531 E DIVISION ST|GREENEVILLE|OH|77450|1470
JAVIER|SEEGER|2250 AIRINGTON CIR|BRISTOL|MD|79118|4312
CHESTER|PORTILLO|76 STEAMBOAT RD|MECHANICSVILLE|FL|56560|8781
ROBERT|KASEY|1429 W 6TH ST|OXNARD|CO|20155|3130
CARLOS|LACHENEY|109 CAMERON DR|GRAYSVILLE|MO|14750|3011
SAMANTHA|WALLENDAL|6322 W SIERRA ST|LAS CRUCES|GA|32507|1733
ANTONIO|ALFARO JR|2470 N SONNEFIELD RD|FORT WORTH|TX|44140|3726
SARA|MENDEZ|1252 W FARMS RD|STOCKDALE|CA|07738|4333
CURT|ZINSER|241 PERKINS ST|PALOS PARK|GA|16917|6868
TRACY|EUDY|1952 CENTER ST|ALEXANDRIA|VA|20005|1404
JEFFREY|LEUNG|123 W CHRISTINA BLVD|BLUE SPRINGS|ND|65084|7501
HECTOR|SEE|1115 WRIGHTSWYNDE CT|SHELBY TOWNSHIP|NC|93035|2151
PRISCILLA|FLORES|7904 HIDALGO ST|OLYMPIA|MA|93727|3215
KELLEY|KAPUR|8936 BALD HILL PL|MONTGOMERY|NY|20176|2815
PAOLA|SAUNDERS|60 KNIBLOE HILL RD|BARNHART|TX|06461|8019
STEVEN|BALDWIN|11537 CLAYMONT CIR|BANNING|FL|70739|1907
ABIGAIL|NICOLLETTE|6302 SUMMERHILL RD|CEDAR|TX|56082|2459
STEPHEN|GIBSON|3292 SENNETT CIR|LINCOLN|FL|78046|5244
RACHELE|HENRY|5295 WESTGATE LN|SAINT CHARLES|PA|03103|7408
JOHN|TEMBY|16140 DENHAM CT|MONCURE|FL|93023|3914
KHAELUN|SNYDER|5275 E 126TH ST|LAWRENCEVILLE|CA|28570|1337
PAULA|WIMBERLY|7049 MORROW WOODVILLE RD|JACKSON|NY|60440|3501
ANDREW|MICHAEL|1034 PHILLIPS RD|ALBANY|SC|44136|1203
JOSE|WILLIS|10908 GREENLEAF DR|EUREKA|CT|98563|5580
OSCAR|HUYNH|67748 TULANE RD|ALPHARETTA|TX|76501|2012
WENDY|MALLINSON|PO BOX 2|LOVELAND|MT|74006|3629
DARRELL|GALLAGHER|117 SIMON SIDING DR|GIBBSTOWN|FL|33917|8631
MAYA|WINTERBERGER|19268 SW 381ST LN|ACWORTH|AL|55304|2549
ALICIA|WARGEL|17 MILLWAY RD|ORLANDO|MA|38485|4025
KAYLIN|NOEL|11521 AUTUMN ST|EL SEGUNDO|NC|10467|1031
BRIDGETTE|GASTMIER|615 BEAR ROCKS RD|TEMPLE TERRACE|NY|92544|2248
MIA|MARTINEZ|3020 CHEROKEE CT|WOODSTOCK|TX|44720|7018
TYRESE|CLARK JR|2041 UTILITY RD|KLAMATH FALLS|TX|11231|7061
JOSHUA|CABALLERO|39 2ND ST|SPOTSYLVANIA|FL|82223|2137
TRISTIAN|PELT|7171 STEUBLING GLEN ST|FORT MYERS|SC|29042|8031
RUBEN|BRYANT|10241 39TH AVE SW|TAMPA|WY|30039|7809
JANICE|SMITH|1050 SUMMIT PLACE CIR|PALM SPRINGS|GA|36117|2914
PAULA|MAYNE JR|5719 BLUE RIDGE DR N|GALLATIN|MS|48174|8020
MARK|SCHNEIDER|2233 MOUNT SHASTA DR|AURORA|FL|64064|5473
BRIAN|JAVIER|2409 S AVENIDA ARROYO RINCON|LUXEMBURG|TX|38401|2435
WALTER|MCKONE|2675 LEXINGTON STEAM CORNERS RD|EAST ELMHURST|IL|11763|9675
JOSEFINA|TARARUJ|1052 MASONIC AVE|GREENVILLE|AR|75071|2630
CELESTINO|SMITH|1940 S 17TH PL|LAKELAND|AZ|93065|1718
SCHIER|ARSOLA|3476 SCENIC DR|BURLINGTON|FL|53178|2556
CHRISTOPHER|PAUL|1806 MILL ST|BRONX|MD|66762|1683
TESSA|BURNS|925 NEW YORK AVE|NORTH ANDOVER|AK|28714|7919
TRAVIS|GRAMZ|318 LAKE MURRAY DR|TUMBLING SHOALS|FL|07201|2557
JUAN|MORA-PONCE|12907 HADLEY CT|MIDDLETON|NJ|08080|3761
MANUEL|MONEMI|3094 HILLARY AVE|SPRING LAKE|CA|82009|2292
ADINA|LIEBY|3000 S CATALINA DR|COVINA|FL|78654|7602
NANCY|MARQUEZ|830 MILLER DR|BURLINGTON|VA|77517|1711
DENNIS|WHITE|2155 E LIBERTY LN|ARCHDALE|TX|61107|2865
CARMEN|DIAZ|19 N CONOCOCHEAGUE ST|KANSAS CITY|IA|81226|1833
STEPHEN|SWINK|414 PLEASANT VALLEY RD|WENATCHEE|OH|90042|2612
HUSEEN|BLYTHE|137 WHITE FACE RD|WHITTIER|KY|85636|1727
NICOLE|DUARTES|39 BULLION RD|KAILUA KONA|IN|01545|4504
HEATHER|HOVELAND|630 BIRD RD|YORK|TX|07876|2914
GUNNAR|OSTBY|601 VALLEY RD|HAMMONDSPORT|CA|74354|8544
WHITNEY|ALESSANDRINI|6253 FENWAY ST|ENTERPRISE|AL|15216|8925
NOEMI|LUISI|13 FLORAL DR|CHERRY VALLEY|TX|02905|1633
ATIM|MANZO|2807 BEAGLE PL|IRVINE|CO|92057|2380
SUSAN|CALOGERO|1609 CENTERVILLE TPKE|LEESBURG|TX|71322|8038
AURA|VELASQUEZ-HERNANDEZ|3437 EDGEHILL PKWY|SAN JOSE|LA|04240|3212
MARY|MURRAY|7822 W BELLFORT ST|YANTIS|MI|99362|4490
MARK|BJURSTROM|1097 OLD HIGHWAY 160|DANIEL ISLAND|PA|37643|3839
AMY|BRATCHER|440 NEPTUNE AVE|STONE MOUNTAIN|AL|49022|9640
ANGIE|MCNULTY|4362 AGENA CIR|BROWNSVILLE|FL|75860|3447
HENRY|LINAM-NOLTE|2315 S KINGSWOOD ST|BERNE|NY|11001|1642
ERIC|JORDAN|608 VIEWCREST TER|ALAMEDA|CA|19711|9305
HANNAH|FROST|4205 NE 21ST AVE|CAMBRIDGE|UT|07666|5312
HOWARD|WOODS|23360 TOWN CREEK DR|HIGH POINT|WA|11510|5124
JAMES|BAUM|15314 HOPE SHADOW CT|AUSTIN|FL|48081|4422
DANIEL|ANDRITZ JR|235 N YALE AVE|BOSTON|NJ|30079|1529
COSTIGAN|KARNS|PO BOX 83142|VANCOUVER|TX|10454|3614
NATALIE|MCCORMICK|90 TOBY DR|HOUSTON|TN|34986|0004
JACOB|HENDERSON|1683 ALTON ST|CONCORD|CA|23320|8970
TERESA|CATES|7990 EAGLE RD|CAPE GIRARDEAU|OH|32622|1742
ZIA|DONAHUE|PO BOX 1511|SANFORD|NM|60031|3417
ZAINAB|BRIDGES|3105 DOVER DR|TROUTDALE|TX|43545|4428
JOSEPH|BOURASSA III|303 AVALON RD|WYLIE|FL|92021|8132
DIANE|ROOF JR|1283 TURRETT DR|MIDDLE RIVER|NY|23234|7503
MARGARET|RIGSBY|951 NEDS CREEK RD|ASTORIA|IN|75048|9632
MALLIKARJUN|GERAGHTY|2120 S BROADWAY|ADELANTO|PA|02119|2625
TAMESHIA|ROBINSON|300 W COURT ST|HUMMELSTOWN|MA|30705|7005
MARIO|GOLD|452 S 21ST ST|SULLIVAN|IL|44112|8618
MEIR|SANCHEZ|1903 DEMBRIGH LN|GALESVILLE|OH|20018|9702
ROXY|ROBERTS|803 COLONY AVE N|SAUK RAPIDS|MA|78593|2745
GARRY|FERTICK|3548 S ROCKWELL ST|SAINT PETERSBURG|SD|30092|5336
PAMELA|PEREZ|281 CAMERON DR|SUMMERVILLE|LA|68504|2709
RICHARD|LUCHI|11 SHELLEY LN|COLUMBIA|FL|43026|2216
JEROME|KELLY|5307 COUNTY ROAD 4|BROKEN ARROW|SC|49085|3607
HILL|BRAINERD|24650 TRUMAN DR|PITTSBURGH|TN|61610|3507
BUTLER|LAWRENCE|22 ADAIR LN|OAKHURST|NY|46750|1102
AUSTIN|ZAYAKOSKY|21228 LAHORE RD|LA PLATA|CA|98642|2414
BEVERLY|HORSTHEMKE|1041 W 101ST ST|LAKE CHARLES|MI|43613|1805
KELLY|FORBES|1410 SE DELENE CT|ROCHESTER|MI|31709|9050
STEVEN|FUNDA|16612 3RD AVE SE|TULSA|OH|98223|3105
JONATHAN|NOLAN|1231 SARDIS RD|MANCHESTER|IN|93118|1931
NANETTE|BURNS|5 REED LN|PENSACOLA|LA|65810|2596
CAMILLE|PESATURO|4308 226TH ST SW|LOS ANGELES|CA|21046|6311
LUKE|MAY|182 WHITBY TER|PITTSVIEW|MN|24551|7514
JOSE|NUNEZ|6000 OTERO AVE|LEWISTOWN|PA|93241|9233
CYNRONICA|SANCHEZ|7330 VANALDEN AVE|HOUSTON|NV|60516|5701
MICHAEL|WIGHT|2648 ARMSTRONG AVE|DENVER|NJ|92663|8521
KIMBERLY|HINSON JR|1201 CEDAR LN|KENOSHA|MS|48227|6721
KIEARA|RODRIGUEZ|1836 DEARING RD|UNION CITY|MI|30477|2817
CAMILLA|PERAZA|7412 FRED HERRON CT|SEVIERVILLE|KY|43758|2024
VALERIE|FOSTER|572 E 4TH ST|BRONX|IL|19901|1483
JAIME|MCCLURE|5 CARLTON AVE|RIVERSIDE|NY|20724|5154
DAVID|STELLPFLUG|36 WESTON WAY|TROY|GA|13440|1340
MELISSA|CONDE|4629 PARK AVE|LITTLETON|IN|80205|5643
BARRY|BURGIN JR|28 NW 1821ST RD|HOUSTON|FL|12916|6108
STANLEY|ROBINSON|1452 DEMO AVE|BROOKLYN|NJ|95123|3029
LAUREEN|ARMSTRONG|125 MULLEN DR|LOS ANGELES|NY|33618|4370
LORRAINE|JORDAN|606 MILLWRIGHT CT|TAHUYA|IL|30040|3342
TIMOTHY|EKSTROM|1180 ROSEBERRY CT|GRIFFIN|CA|60540|1766
BRANDON|AMES|7615 ARBOR LAKES CT|TERRA ALTA|MA|85254|2455
CASEY|PALATASH|3556 LIME AVE|BARBERTON|IL|80439|2090
IWONA|WALDNER|418 E DALE ST|BELLEROSE|AZ|77089|3954
JEFF|FREDSON|5901 COUNTY ROAD 1570|MELBOURNE|TX|76690|5529
RICHARD|SYMON|1011 BERNE AVE|SACRAMENTO|UT|07063|2601
ALFREDO|FLORES|47 EAGAN AVE|PITTSBURGH|OK|33543|1525
DENETRIA|DEFRANCESCO|19912 SUTTON FALLS DR|HYANNIS|FL|77072|6665
HADLEIGH|PALUS III|1707 CONAN DOYLE RD|WILLIAMSON|AZ|43311|2027
ALANNA|CHRISTIE|203 E LIVE OAK ST|BOERNE|IN|85203|3626
HANNA|FARRINGTON|351 LOMALAND DR|HUDSON|HI|94110|1833
JULIO|NOTTINGHAM|1155 MAIN ST|CICERO|IL|07728|3249
LAURA|BOSSERT|3028 SW 60TH ST|WEST HILLS|RI|70607|3249
ANA|MCKENZIE|86756 TERRITORIAL HWY|LONDON|MN|70094|1624
BERTRAND|VIRULA|8128 EWING RD|COLORADO SPRINGS|NY|10309|9725
KEVIN|HERMAN|5566 PLANTERSVILLE PL|ALBANY|TX|44119|2260
TRISTAN|BRITTAIN|528 N 260 E|TEMPLE|SC|31320|7121
DIANE|PONZIO|28 STAGECOACH RD|ROCKY MOUNT|ny|28081|9186
TAMARA|MCDONALD|9 MARKWEST CV|JAMAICA|NJ|10024|7808
HANNAH|LEE|1149 SHARP RD|DENVER|NM|60601|1142
ARTHUR|MOSS|PO BOX 628|ENGLEWOOD|NE|28053|7520
TANYA|KULPER|1117 LAKEVIEW AVE|PITTSBURG|WA|11432|5903
GOWSIK|DAVIS|2033 INNER CIRCLE DR|NEVADA CITY|GA|03886|5210
WAYNE|FEDEWA|1704 10TH AVE N|WEBSTER|CO|85041|2949
MOYER|HORST JR|27 BARKER AVE|EVINGTON|PA|43214|6738
JAY|LANZETTA|8234 ROSEMONT AVE|PRESCOTT|NY|85742|1866
RIANNA|NABER|2263 TOM ST|CARY|IA|67210|9673
MICHAEL|HOLDEN|1056 SHERMAN AVE|EDINBURG|NC|30032|8904
DALE|DAVIS|435 WILD STALLION DR|MOSCOW MILLS|MI|93722|9491
LEO|GARVASIS|7515 PLUMTREE FOREST CT|HONOLULU|ME|19963|2745
WHITNEY|RUIZ|3163 TRUXTON CT|ARLINGTON|MN|08742|1586
AMANDA|REED|25640 DONALD AVE|BOTHELL|TX|93313|4924
CHRISTINE|BERTRAM|721 LANCASTER DR|FOUNTAIN VALLEY|PA|33444|8573
ERIC|LEMON|314 S KENWOOD LN|LOMBARD|TX|18102|5488
ASHER|TOLER|11810 JASPER ST|MONROE|VA|27505|1718
LEO|PAGE JR|2207 QUEEN ANNE DR|FORT WORTH|OH|31313|1742
MAY|CLEMONS|2365 TEXAS AVE|DELAWARE|GA|35242|6940
MARJORIE|SCARBROUGH|35 STEPHEN TER|SAN DIEGO|GA|76040|5856
QUDSIA|PAINTER|5515 7TH AVE|GREENVILLE|KY|45404|7619
ANITA|RIVERA JR|410 HAMPTON AVE|OXFORD|MI|22193|9057
PARKER|PABST|PO BOX 1266|MEMPHIS|CA|72459|1541
YINGZHI|JACOBSEN|4655 ALDINE MAIL ROUTE RD|WAYNESBORO|MD|33147|4710
CHARLIE|ALDERETE|17288 BOCA CLUB BLVD|SAND SPRINGS|VA|46901|8012
JULIENNE|KIRBY|1603S IVAN CARLSON RD|TEMPLE CITY|CO|90201|4331
SAM|AZBELL|641 E PEARL ST|WEST BEND|DC|60560|9583
DEBORAH|ROMERO|1207 56TH ST S|WESTMINSTER|MO|66049|5804
ABIMAEL|CASAGRANDE|316 W CLEVELAND AVE|DALLAS|CA|23005|4541
ETHELBERT|NAPIER|1152 17TH AVE|PHILADELPHIA|MD|89139|2358
ROGER|LEFKOWITZ|9670 S CREEK DR|LOS ANGELES|OH|82072|5260
NICOLE|MORGAN|6439 FAWN LN|ALPHARETTA|NJ|43068|6403
JOSEPH|FERENCZ|550 MARBELLA AVE|BANGOR|KS|11209|1073
LEAH|COPELYN|1010 N 14TH ST|BOONVILLE|NC|85306|2819
BETH|FAYE|4351 SWAN ST|CLEVELAND|NJ|95240|4321
NEAL|WOODWARD|3251 4TH AVE N|GLENDALE|NY|80022|1915
JARED|MARTINEZ|4421 GRANADA BLVD|CUMMING|VA|18015|1176
BLAKE|ELIJAH|3555 KAYLA CIR|WHITESBURG|NY|28338|9341
ASHA|THOMPSON|5762 ROAD 42|TUNICA|UT|22046|8589
AHMED|VELASQUEZ|9887 PIONEER AVE|SAUGERTIES|TX|68118|3396
JENNIFER|RUSS|8741 W HELEN DR|HARNED|TX|46745|6282
VAN|CLINESMITH|5031 KLUSMAN AVE|PRINCETON JUNCTION|GA|68516|1402
KRISTINA|MARPLE|1119 CORAL CT|MCCOMB|MA|53150|9602
CHERYL|BURLACU|901 W 1400 N|BLACK EARTH|AR|36613|9419
MARCEL|LOPEZ|907 WESTVIEW DR|COVINGTON|NE|48234|9034
REESE|HUNT|1600 DAYTON RD|CHARLOTTE|AR|95008|3935
CHARLOTTE|SUAZO|511 W MORONDO AVE|FOSTORIA|IN|04101|4815
GENE|WOOLRIDGE|3010 PENNSYLVANIA AVE|ALMA|TX|20861|2016
MARIA LIZA|HARPER|8812 PEBBLE CREEK CT|COTULLA|TX|60195|0190
EMIL|QUINN|3463 EPSTEIN CIR|TRENTON|TX|08302|4632
LEIZZE|CAMPBELL|245 MATHIAS WEIDEN DR|TIMPSON|OH|43567|1403
SAMUEL|VASQUEZ|23367 ABRADE AVE|BALTIMORE|CO|34743|3234
RUBY|SMITH|13630 ELM SHORES DR|FRESNO|CO|69301|5703
JAMES|VARGO|715 W 10TH ST|STATE COLLEGE|MI|74063|6550
ALEXYS|HAMMONS|1033 7TH AVE|SEDALIA|TX|75034|1623
JOSE|VEILLION|316 NORWICH AVE|EL PASO|MA|90650|4938
ELIZABETH|BENNETT|7466 MARIGOLD AVE|QUOGUE|NY|37367|2210
THOMAS|SEAMAN|165 WRIGHT MEADOW LN|NEW SMYRNA BEACH|GA|53521|3750
JASON|JACKSON|208 WHITE OAK DR NE|TEMPE|MN|18103|4149
YOLANDA|VILLANUEVA|622 N 44TH AVE|GOLDEN|CA|19971|3069
ANGELA|DANE|216 GRAND CANAL|SEMMES|UT|19142|5712
KURRIN|PATTEN|57555 OLD RED LN|COMSTOCK PARK|CO|11949|2423
ANJELICA|SETHI|16013 HARTS MILL RD|BARNET|NY|45885|2724
ANN|MURADYAN|14 CLARENDON CT N|RIVERDALE|MN|29229|2163
SUSAN|MCLEAN|6262 KAYLOR CT|ROCKVILLE|GA|35749|6964
TRACEY|HARKINS|5803 CEDAR CLIFF DR|SPRINGFIELD|NE|95482|5060
VERONICA|HERRIMAN|8928 WESTGATE ST|SAINT PAUL|MA|11218|7223
KENDRA|BUTLER III|15619 AVENUE C|SPRING BRANCH|AZ|94559|3525
BROOKS|GIFFUNI|5786 W DECATUR AVE|HOPATCONG|TX|07501|1701
LISA|MILLER|301 LAS COLINAS BLVD W|TAWAS CITY|NY|29928|7056
KATHRYN|EDWARDS|4712 CARLILE DR|JACKSON|SC|55041|5505
HENRY|VICCHIO|21 MEADOW DR|KENEDY|FL|30106|1335
DENNIS|HUGHES|10326 BAILEY RD|ROSEVILLE|FL|45879|3023
KATHERINE|MOEHLENKAMP|1316 2ND ST|CENTEREACH|MN|78521|5910
MICHAEL|GROSS|736 MIKE MUNLEY RD|LAGUNA HILLS|MI|94509|4230
CAILYN|MAUPIN|430 GRANT ST|SURRY|IN|23322|4036
CORINNE|MCMANUS|2847 MOIR AVE|SAN ANTONIO|AL|96734|2616
FLORY|WEBER|940 BROOK WAY|TULSA|VA|51521|6642
ROYCE|HENDERSON|3601 N 44TH AVE|CARY|IN|01095|9708
SUSAN|ASHENFELTER|1226 7TH ST NW|SANTA ROSA|CA|51106|3154
KENDELL|CANOY|4538 KING LEAR DR|MINNEAPOLIS|CA|55906|6909
MICHELLE|RODRIGUEZ|3375 ROGER WILLIAMS ST|SAUGUS|OH|83647|7572
JOEY|SANDLIN|9376 GROVE VIEW CV|SAN DIEGO|NH|77803|2610
LEONARD|RAUSCHNOT|6321 SOUTH SPRINGS CIR|LAS VEGAS|IN|28650|2418
NELSON|PAPPAS|11874 E 18500 N|LITTLE ROCK|LA|72903|2006
ALYSSA|JONES SR|1141 DEERFOOT TRL|WHEELING|GA|17345|8196
DAWN|ASHBRIDGE|2713 RISING SUN RD|TEMPLE|GA|37076|2316
BRIAN|JOPLIN|3072 WASHINGTON BLVD|GLENDALE HEIGHTS|NY|30016|5116
STEPHANIE|MAY|127 W 7TH ST|EL CENTRO|CA|02474|2544
STEPHEN|MINNERLY|642 FOXFIELD RD|COOPERSTOWN|OH|44119|3639
SHANNON|NEMECHEK|940 ELMEER AVE|DARLINGTON|NJ|31525|4343
KIM|RAYFORD|5337 JERSEY AVE N|CARTERSVILLE|TX|44256|3630
WAYNE|PEREZ|108 UNION ST|LIBERTY|WI|92109|1641
ORION|ORNE|1762 PALO VERDE DR|HOFFMAN ESTATES|TX|35749|8653
DANNY|VANDEWARKER|7672 47TH AVE|CONWAY|NH|97317|1560
CAROL|ROSENSTOCK|3 RILEY CT|NASHVILLE|CA|17402|4896
CHAN|PRICKETT|10924 227TH AVE E|SPRING HILL|IL|28110|2414
FRANK|REED|1327 BUCKHORN TRL|OMAHA|NY|37130|2826
DONNA|HANSON|2629 QUINCY ST NE|FORT WORTH|TX|79107|9447
DEQUEZ|PEARSON|4251 IRVING AVE|KEUKA PARK|GA|28401|2643
JASON|GO|1912 E 31ST ST|NEW BRAUNFELS|CA|45631|6880
MARIELYS|LUSIGNAN|2617 BLADES RD|BEAUMONT|CA|17751|4550
JAMES|ZULKER|8 ROWAN FIELD RD|REXFORD|MN|84032|1724
ANN|FELTON|1 CUMBERLAND AVE|JACKSON|AZ|11570|4200
PHYLLIS|VAUGHN|209 E BAILEY ST|CANTON|FL|08854|8523
REBECCA|ADZIEVSKI|PO BOX 53235|HOUSTON|TX|60608|9484
ZINEB|THOMAS|309 N EMERALD AVE|SAN JOSE|LA|75204|1004
VALERIE|LEWIS|1343 BELLE GROVE CIR|ROCKINGHAM|TN|84081|4028
TODD|AITCADI|302 STONYBROOK DR|SUISUN CITY|OK|62558|3024
DAINA|KILGORE|921 W NATAL AVE|HORIZON CITY|FL|60061|5637
NICOLE|KOONTZ|6613 N LONDON DR|WESLEY CHAPEL|TN|20147|7050
FELIPA|FRIESEN|4212 JENNY LIND RD|MIAMI|WV|24101|6480
ALAN|LANGAN SR|757 NW 3RD CT|SAN ANTONIO|PA|33305|9301
TATYANA|MILLER|6103 WASHOUGAL LN|TIGERTON|SC|32952|7909
JEFFREY|HERNANDEZ|2365 GRINDSTONE PKWY|SACRAMENTO|TX|94134|5319
MATTHEW|MILLER|6632 TULIP ST|ARCADIA|GA|23117|6032
KEITH|HUSENITZA|713 CENTER AVE|CHESTER|AR|33711|9687
MATTHEW|BOHNING|7046 DURANGO CREEK LN|GREENVILLE|FL|62305|4304
CANDEE|NICHOLSON|5477 KINGSBURY ST|OCALA|IN|97914|7305
JULIE|CORONA|5650 ELM SPRINGS DR|SAINT PETERS|SC|80127|6503
ALONZO|CHAPMAN|824 BERNARD WAY|MANHATTAN BEACH|NY|25524|6109
JOSE|WHITLEY|3807 GOLDLEAF TRAIL DR|LEXINGTON|AL|68506|9696
JACOLBI|ROCK|40 VISTA DR|BOISE|CA|67037|8124
DIANE|BILELLO|105 HOLLY GLEN CT|BRIDGEPORT|FL|73601|5550
RUTH|TACURI|29202 E 219TH ST|EBENSBURG|CA|68840|9765
ANTONETTE|SPEER|733 15TH ST NW|SOUTH BEND|FL|56401|1908
TIMOTHY|RIVERA|PO BOX 559|DALLAS|AZ|83704|8538
MINI|MCDOWELL|11915 POST LN|NORTH CHESTERFIELD|GA|44703|2615
PATRICIA|MARCY|2735 W 52ND ST|STAMFORD|NC|44663|3945
MARCUS|FLORES|1126 MEADOW LN|WALLKILL|NY|80010|5503
DANIEL|SPARKMAN|330 OLD CLAREMONT RD|AMHERST|TX|90605|4284
PAUL|HUAROCO|1008 NW 36TH ST|HOUSTON|TX|42420|4751
STEPHANIE|RAMOS|1525 KEMBLE AVE|FAIRVIEW|CO|44092|1505
DARRYL|ESCOBAR|4925 W 16TH ST|SAN FRANCISCO|WA|17569|0639
ALYSSA|NERI|7001 W 35TH AVE|BETHLEHEM|MI|37879|2538
SAMANTHA|LAVOIE|101 POLK ROAD 78|ARNOLD|CA|56308|1223
MATIKA|ROCCO|2214 TINA ST|DENVER|OR|33704|2116
CARLOS|SIMONS|17037 DORMAN RD|BROWNSVILLE|NJ|43326|4438
RANDY|ASHBY|5609 OLYMPIC HWY|HYNDMAN|OR|32812|9584
JERRY|MCMULLEN|5036 1ST AVE NW|LAKEWOOD|IN|50677|3633
RAY|WYATT|105 CORN CEMETERY RD|RICHARDSON|LA|89121|1523
JUDY|MOODY|1420 W FOOTHILL ST|SILVER SPRING|NY|48430|6019
MARK|HOFMANN|25351 HERITAGE CT|SOUND BEACH|OH|97086|7614
ROLANDO|OBRIEN|904 NE 78TH AVE|MOUNT HOLLY|WV|71118|6910
MATTHEW|HAWKINS|20686 CANDLEWOOD HOLW|NEW YORK|IL|08241|5933
SHUN|BARAN|2214 CENTRAL PARK WAY|CARSON|TN|14548|1089
KARA|HER|1269 KINZER LN|DUNN|MA|70047|3127
EVELYNE|ISOM|18 OAK LN|BROOKLYN|KY|84655|1860
TURNER|POWELL|104 S 9TH ST|SAN ANTONIO|CA|67031|5752
FEDERICO|WILSON|6583 N 750 W|LA VERGNE|TN|20120|7411
GLADYS|FREEMAN|1410 10TH AVE|KANSAS CITY|MO|37343|7554
JORENE|PETERS|2009 W THERLOW DR|CANDLER|CA|87144|1105
KAREN|CARBAJAL|1635 HIGH ST|GRETNA|CA|55102|4721
JEFFREY|BEZAMA|902 HOG CREEK RD|LEAD HILL|FL|14305|6203
CONNIE|MICHAEL|50 CHINKAPIN LN|PLAINFIELD|NC|98146|6333
MICHELLE|HORAK|6925 ANDERSON ST|AURORA|NC|80918|2649
CORY|ALEXANDER|8101 CALICO WIND ST|WICHITA|CA|85027|7176
MARIA|SCHUETTE|PO BOX 203|GURNEE|IN|44137|3253
RICHARD|FURTADO|241 S WING ST|WHITE LAKE|NY|98295|5061
RICHARD|ERVIN JR|105 113TH SQ NE|ONEIDA|DE|36830|3421
LONG|ROMERO|PO BOX 333|BLOOMINGTON|TX|89521|3400
SEAN-PATRICK|MARTINEZ|3432 CARTER RD|JOLIET|FL|07624|7242
JACK|HERNANDEZ|2607 CROSSBOW CT|STRATFORD|MD|61705|8508
LINDA|MURRAY|12214 FAY ST|SAN ANTONIO|LA|23223|2138
GERALDINE|COLEMAN|6404 SE 23RD AVE|FEDERAL WAY|TN|40214|3708
CHRISTOPHER|AUDINO|4090 CLOVELLY DR|DELPHI|NC|37128|5160
SMITH|GURGANIOUS|PO BOX 717|MICHIGAN CITY|MO|92823|1629
REBECCA|PATTEN|4014 EASY ST|MACON|KY|84526|8553
ANNE|COURBAT|2470 IVEY OAKS RD|COLTS NECK|FL|30022|3642
NIVIA|CHIASSON|PO BOX 1823|HIGHLAND HEIGHTS|NC|30655|3657
MICHAEL|SHUKUR|2412 CRAWFORD CT|ELIZABETHTOWN|CA|32073|2120
ADONAI|GRIFFIN|1194 W STANDLEY ST|LEBANON|FL|44904|7307
AVOLON|ALLEN|95745 EUCHRE CREEK RD|WHITINGHAM|PA|95823|4425
TRUDIE|WYNNE|80 AUTUMN LN|LAWRENCE|GA|34982|1387
ELIZABETH|AUSTIN|744 S DIVISION ST|WESTFIELD|NC|27616|2566
AMANDA|KLINT|951 SHAMROCK DR|CARROLLTON|AL|27317|3251
ANNA|NATIVI|6794 PERKINS 30.5 RD|WEST CHESTER|IL|94110|9784
JOSEPH|LABELLE|355 AVERILL AVE|MANCHESTER|OH|27540|6825
YURI|WILLIAMS|23 ALBIN ST|GRANTS PASS|CA|72450|1812
JAMES|BOYLES|527 E EMPIRE ST|FORT WORTH|TX|92201|1730
RICHARD|VINCENT|2025 W TEANO DR|DELAVAN|MA|94070|5135
NATALIE|BROWN|3528 TRITT SPRINGS WAY NE|SAUK RAPIDS|TX|54026|8858
MELANIE|BROWN|137 W O ST|SHIP BOTTOM|TX|81520|5925
LEE BUM|KAZEMIER|124 OAKLEY AVE|KINGSTON|NJ|10019|5920
HUNTER|PAUL|279 BLACKWELL LN|BURNET|VA|61073|3140
DINAH|SIMON|7246 CHESAPEAKE BLVD|PLYMOUTH|AK|06512|1029
JIMMIE|SAMARASEKARA|3043 SOUTHERN ELM CT|ALTOONA|AZ|44106|7353
MELISSA|THOMAS JR|1516 LEWISBURG POINTE DR|SAGINAW|CA|91326|5168
ALEC|MATALON|1116 E 5TH ST|TAMPA|VA|68505|9715
ANDREA|CRUZ|14875 BELL RD|MARLBOROUGH|CA|52302|2278
KAYTLYNNE|PRAJAPATI|24 TREMONT AVE|CALABASH|FL|15102|3289
EVELYN|SALINAS|11797 FRONTIER DR|DUXBURY|TN|92056|5503
CATRINA|FOX|2833 MYRTLEWOOD DR|FORT MYERS|NY|86401|0394
ELAINE|DOWNING|135 CARRIAGE CIR|YORBA LINDA|AZ|60948|6126
CODY|KLAWANS|608 MOHAWK CT|ELKRIDGE|IL|98604|8940
SHANNON|ABDULLA|7F NORTH MNR|LOUISVILLE|GA|62627|2454
REYSHA|FOLBE|6575 GRAFTON RD|VISTA|CA|35761|9084
JERRY|THOMAS|4135 WOODSHIRE PL|OKLAHOMA CITY|PA|90047|4728
DRAKE|LEIBLE|6300 S POINTE BLVD|WEBSTER|FL|08110|3073
MOSHE|WHITTINGTON|600 S CLARK ST|MORGANTON|CA|58069|2124
ROSE|SAMUEL|11721 WHISPERING HILL DR|NAPA|OH|90250|1856
hahahah|WOODFORD|2600 COUNTY ROAD 3|FORT WAYNE|KS|23235|0304
KARLIE|RENZI|2409 JOY LN|MINNEOTA|MT|83444|9678
DANYELLE|MOCTEZUMA|24 BACH DR|KAILUA|GA|19030|5125
DAMON|EMANUEL|210 SHERWOOD RD SW|KISSIMMEE|RI|02907|1452
ZAED|MCMAHON JR|3234 MARION ST SE|MC QUEENEY|MA|50211|4457
HEATHER|PYLES|3908 KAHOUN ST SE|DENMARK|IL|07305|1341
CRAIG|PUDLINER|2844 PONTIAC ST|OMAHA|MO|38606|2620
MIGUEL|HASENSTAB|4768 FEATHER RIVER RD|SAN JACINTO|NV|48421|5630
OLIVIA|KAMMERMAN|5713 EL CAMPO WAY|CHATTANOOGA|GA|20879|3337
ELAINE|LENGOC|4501 MIRAMAR DR|BROOKLYN|NV|28540|2486
AMIE|WRIGHT|1875 HONEYSUCKLE LN SW|NEW YORK|CA|46050|1429
CALISTA|PHALIN|2145 GINTER MORANN HWY|HILLSDALE|AZ|78572|3560
PAULA|KILLRID|2 BLIVEN ST|SANFORD|IL|33135|4437
CAMERON|ROSSI|PO BOX 1162|DECATUR|TX|65026|6134
COLLIN|PADILLA|114 SAYRE PL|MOUNTAIN HOME|IA|44094|1333
AALIYAH|HOANG|1337 HIGHWAY 36|LOS BANOS|UT|85745|4420
BARBARA|HEAN|11475 E HUNTER CT|SPRING HILL|OK|28206|3973
CORY|BOOKER|4302 76TH AVE S|ANDOVER|MI|02121|7730
CHRISTINA|MARTIN|635 W BARRY AVE|CANONSBURG|NY|43616|1619
KENDRA|GRAHMANN|4909 SHELLBARK DR|FORT MYERS|CA|46755|3606
YOUSEF|CHAFFIN JR|2955 W LATOKA ST|EAST SAINT LOUIS|NJ|70517|2435
KATHERINE|MAGURA JR|9147 BRAMPTON DR|LOS GATOS|OH|57719|6121
SUSAN|RIGGS|3336 JOSEPHINE ST|NORTH MIAMI|VT|76542|5835
EDMUND|MORTON|24184 CRIMSON LN|VILLA RICA|PA|71037|7668
INDIA|CURAVOO|3435 BAYWOOD CIR|TEANECK|CA|80905|3187
MICHELE|SCARNATI|14034 VISTA DR|NORTH BRANFORD|NC|30518|6265
PATRICK|BRAWLEY|1784 ALDER LN|SANTA CLARA|SC|35058|3701
ZACHARY|TREPCA|4300 DANNY DR|COLUMBIA|IL|89135|8012
STEPHANIE|CLARY|3725 WINDMILL DR|MORRISTOWN|WV|98682|6831
DALE|LEE|1117 FAIRWAY DR|DAYTONA BEACH|CA|75494|9055
ALEXANDER|HONAKER|291 LAKE FRANCIS RD|MORGAN CITY|FL|36576|7762
KAREN|TROWBRIDGE III|10211 WEBB RD|WILMINGTON|CO|80022|1982
WILLIAM|THOMSON|221 LAKEVIEW DR|SPOKANE VALLEY|NC|53951|2059
MARGARET|GLANZ|2140 COLSTON ST|ALCOA|NV|41514|4346
JANICE|HESSELGESSER|1423 DEPASS ST|MEMPHIS|PA|08085|9242
GREGORY|TSUKAMOTO|20 POINT ST|FREDERICK|TX|30809|2706
DEOTHRON|SMITH|417 BRIDGER ST|BISHOPVILLE|CA|48025|4929
JACKIE|KIM|2497 FOSTER RD|PAPILLION|PA|49837|3839
SAMUEL|SCHOENBERG|1061 BRIARRIDGE DR|MONTGOMERY|NJ|65201|3755
BRIAN|BARNES|1312 PATRICIA DR|CHATHAM|FL|41042|1528
JOHNNY|TORNIFOGLIA|825 WALTON AVE|KONAWA|WI|94558|4002
KENNETH|BURKE|10989 SKYDANCE DR|NACOGDOCHES|GA|29582|2855
LISA|FORD|109 W ROUND HILL RD|FRANKFORT|PA|38126|2017
WILMA|FALANCHI|5750 LEGACY DR|NAPLES|KY|66213|4817
WILLIAM|ELLISON|84 HARRISON AVE|BEAVER|FL|40242|9403
CHEYENNE|SENSE|2338 OAKRIDGE DR|BONDURANT|TX|85730|1071
JESUS|PERDUE|16 HOLLEY LN|ELMHURST|OH|28216|9436
MICHAEL|SANCHEZ|321 NW 134TH WAY|FREDERICKSBURG|AZ|07095|4429
NATHAN|PIATT|1330 WILLIAMSON RD|CROSSVILLE|PA|20744|6314
KAREN|KARKENNY|3557 STRONG ST|LOUISVILLE|GA|48377|2253
RANDI|RADNEY|3011 25TH ST S|WARSAW|WA|95621|3044
JUDE|BOULANGER|16 DEER RUN RD|KENT|VA|46320|3937
KATHLEEN|VILLASENOR|6382 SNELLING MILL RD|EDGEWATER|TX|94523|2731
DAVID|KLEIN|3748 DOLAN WAY|HOMEWOOD|WV|64506|7915
ESPERANZA|NASREEN|24 BLUE BIRD LN|GREENWOOD|MO|32159|6001
SUAD|BROWN|2506 JAMMES RD|PORTLAND|SC|92240|2982
JOYCE|HARDIN JR|1309 ATLANTA ST|LEXINGTON|MI|32725|8925
TIFFINI|DOTSON|2500 ROSE WALK|BROOKLYN|FL|46033|8050
DARIUS|OSMAN|237 W ROSS AVE|HUNTSVILLE|CA|32446|2315
VANESSA|SU|13951 SHERMAN WHITE RD|MEMPHIS|VA|94571|4335
JUAN|RAMOS|24027 ROSE BLVD|MILWAUKEE|TX|73162|3441
SHIRLEY|THORNE|205 BLACKMORE RD|CRANSTON|NJ|11214|3082
MEAZA|RUSSO|128 FOREST CIR|CINCINNATI|FL|36877|9207
KAREN|WILLIAMS|701 WALNUT ST|SNELLVILLE|NY|30349|8507
JUDITH|ROBERTS|34 MILLS ST|ARVADA|NY|23220|3508
MARLA|HILDEBRANDT|5119 LYNNWOOD DR|RANDOLPH|CA|30022|3077
KAREN|NOBLE|9847 E KING ARTHUR TRL|HAMLIN|NC|30046|3140
ZACHARY|CURRY|26680 APPLE LN|SAN ANTONIO|TX|77494|1838
JILL|DAVIS|34 KINGS HILL CT|PROVO|NY|64776|2110
JIM|DEES|17 RIDGE VIEW AVE|MILTON|VA|20910|2909
SHANNON|SORTO|113 BETH DR|FRAMINGHAM|HI|10552|4812
NICOLAS|DENG|2705 RIMROCK DR|BETHESDA|TX|46975|2504
VAUGHN|RODRIGUEZ|2100 3RD AVE|LAKE GEORGE|SD|72701|3191
ANTONETT|RYNES|356 FENLON BLVD|CHICAGO|FL|33178|5314
JEREMY|SAGREDA|1816 FAIRFAX LN|OREM|CA|40219|4219
NELLY|MELANCON|3405 SILTY CT|AURORA|CA|46804|3104
SABER|LEVY|30983 BONNIES LN|HIALEAH|CO|98077|1145
RALPH|MCLEOD|848 BERWOOD AVE|WATERLOO|CA|45601|9778
JENNIFER|KUNJUR|100 AVON RD|NEW CASTLE|TX|97383|4329
JOHN|SCHMITZ|1162 HIGHWAY 54 E|FRANKLIN LAKES|MI|91304|5311
CHRISTINE|KANAE|351 TAFT ST|WESTWOOD|TN|23453|5310
ELIZABETH|HARRIS JR|10120 WATER PLANT RD|SAINT CHARLES|NC|48302|4204
JAVAN|FENG|505 CLAYTON DR|WADENA|NJ|99202|0409
ETHAN|HAMILTON|0N091 ALEXANDER DR|TUCSON|VT|39301|5619
JAMES|VARGAS|111 BEAN CREEK RD|CONYERS|IL|94608|3726
JAMES|LAFONTSEE|9343 GENTLE WAY|OAKHURST|IL|32352|0036
VONSHA|PRYOR|18 TREELINE DR|NORWALK|GA|75442|9628
SHANIKKA|LANE|23108 ROSS ST|FREDERICK|OK|33441|5110
MARY|BLACKER|18354 TOWNSEND AVE|BAKER|OR|10314|5634
KELLY|MACDONNELL|1817 SIR TYLER DR|NIOTA|AL|97457|2551
ALYSSA|EVANS|13402 QUIET SUMMER CT|SACRAMENTO|NJ|29687|1158
VAL|BERZINSKI|4303 NW 40TH ST|PORTLAND|NY|72956|0339
LINDA|NANNOLA JR|42 RAMONA DR|LINDEN|IL|87532|4980
EVANGELINA|LIPSHIN|15162 S THOMAS CT|GILBERT|GA|84120|1015
LAWRENCE|MACK|225 2ND ST NW|LITTLEROCK|LA|47112|1325
GINNY|LAWSON|148 CHEMISTRY CIR|HOUSTON|IN|60637|3317
THOMAS|SCHARDING|21 HIGHWAY 95|NEW ORLEANS|CA|99022|7890
ROBERT|ROBLES|885 MAYFIELD SCHOOL RD|ROME|CA|66061|2771
SHARON|ROBINSON|745 W 4400 S|EAST AMHERST|OH|33179|9736
SILLA|BAKER|3227 VAN DYKE AVE|HOUSTON|TX|07726|1914
ROBERT|KUSSIUS|2735 SPRING DR SE|NEW BRAUNFELS|CA|12540|3167
JOSEPH|KEENAN|800 BEARSES WAY|ANSLEY|NC|22554|2726
ARIEL|HERNANDEZ|2078 ARTHUR AVE|MCKINNEY|NY|30004|3341
NENE|WILDFEUER|4633 CAMELLIA DR|COMPTON|WA|46304|1031
JAMIE|GANSER|1355 LISABELLE LN|LOGANVILLE|TX|54451|3678
MARIO|COOPER|6 ALLISON AVE|LONDON|NJ|55121|6400
JEANETTE|ALSTON|9 COOLIDGE PL|PLYMOUTH|DE|97123|5255
TONY|HENSON|8112 BLACKWOOD RD|BIRMINGHAM|SD|60609|6077
BRENDA|WARD SR|1854 EBENEZER RD|KANSAS CITY|NC|61008|2222
RICHARD|HINSCH|PO BOX 3|LAKE MILLS|MA|63090|1640
KATHERINE|BOYLAN|1527 HACKBERRY HEIGHTS DR|COLUMBIA|IL|76501|7640
ARTHUR|POOLE|4209 WAPITI WAY|ALBUQUERQUE|IL|33319|2109
HEIDI|WRANGHAM JR|11 CEDAR RIDGE RD|SACRAMENTO|CO|30040|7139
DSHONDRIA|TORRES|8560 N SHERMAN CIR|KATY|MO|11236|9196
LUIZA|PENNEY|1255 BROADWAY ST NE|EAGLE PASS|GA|35242|3458
AJANEE|HARROLD|10632 BRITTANY PARK DR|OXNARD|AL|85335|3754
DANNY|GOODBOE-BISSCHOFF|1661 SE 31ST ST|BRICK|TX|11561|1316
RYAN|ASHARANI|4055 HOGAN DR|OMAHA|NV|61356|4017
BEVERLY|MEDRANO|1848 WESTERN CENTER BLVD|COLFAX|CO|80020|7507
DANIEL|TAYLOR|39837 PAYTON CT|HIALEAH|TX|85008|7538
THOMAS|AARON|412 NW 72ND ST|DETROIT|NC|32464|3922
GREGG|STOUFFER|840 N HALIFAX AVE|PITTSBURGH|CA|28315|2432
CAITLYN|RICHARDSON|3001 RANBURNE DR|EL PASO|VA|02860|1330
RONALD|KIM|3330 KEYGATE DR|DAYTON|NY|90241|3527
TYLER|DELANO|1-12 FOREST GLEN CIR|ROSEBURG|MI|35903|1038
GLORIA|RAYNER-CHAVIS|133 W 15TH PL|KANSAS CITY|WI|28020|3447
TABITHA|METTS|16 JOHNNY CT|OMAK|AR|94591|2138
STEPHANIE|PATTERS|11395 W KIPLING WAY|ZIONSVILLE|IN|89801|2909
JUSTIN|BARBOSA|1386 EMILY BETH DR|ARKANSAS CITY|NY|45238|4415
MERCEDES|MATEJKOWSKI JR|4633 BLAGDEN TER NW|JONESBORO|FL|60083|4404
MICHAEL|VITITOE III|30241 PLYMOUTH CREEK CIR|CARLSBAD|MA|92679|4371
LESIA|SECREST|3016 WICKLOW RD|ARIZONA CITY|NJ|03748|7636
JOAN|TRAN|401 LAUREL LN|PORT ORCHARD|CA|32547|5709
ZABLON|ESQUIVEL|1790 S CHANCE RD|BROOKLYN|CA|55075|4619
RYAN|GRITSAY|807 BUCKALEW ST|SAFETY HARBOR|IL|44312|2067
CYNTHIA|SOORDELU|93 PINECREST DR|NEW YORK|CA|45750|6911
MICHAEL|PETRILLO|10656 HUMPHRIES LN SW|TAMPA|NC|28270|2292
LAWRENCE|BURSKEY|1620 MITCHELL ST|LOA|TX|48221|2104
LATERIA|LARSON|14701 E COLFAX AVE|SHELBY|MI|21237|9449
MICHAEL|ABBOTT|7016 HICKORY PASS LN|ANNANDALE|TX|11218|4050
ASIA|BATISTE|40 VILLA CIR|SPARTANBURG|FL|98498|6631
KAMRAN|NARINIAN|279 SFC 360|BUCKEYE|MA|22042|3419
DAWN|JOHNSON|1567 ARAPAHOE TRL|FAIRBURN|NY|85331|1950
JOHANNY|HAMM|131 GREENWOOD ST|FORTUNA|MA|20124|2434
SUSHMITHA|BAKER|718 MORTON ST|MARINA|MN|27614|9074
CAROL|MANNINEN|829 MAIN AVE|PANAMA CITY|TX|78613|5944
REBECCA|TAYLOR|8 BLUEBERRY LN|MERCEDES|OK|75013|5111
JEFFREY|SINGLETARY|254 N FULLERTON AVE|OLYMPIA|MN|72404|5455
CHLOE|HALK|66 SPRING ST|PITTSFORD|MS|50315|6137
ROBERT|DURRANI|9272 86TH ST|SAN FRANCISCO|IN|37303|1619
CORNELL|MUDD|PO BOX 6343|MELBOURNE|KY|01854|3827
ANDREW|MCMILLAN|608 DONOVAN BRILEY BLVD|HOMESTEAD|AL|33165|9716
GUIRAND|HENNEBERY|1600 CONNOLEY AVE|HOUSTON|AL|41501|4973
MICHELLE|JOSEFIK|51504 BUCKINGHAM CT|ELK CITY|PA|72758|1644
MARSHALL|HODGE|114 CINDY LN|CORPUS CHRISTI|SC|70072|5720
NICHOLAS|WHITE|2281 TABLE ROCK RD|NAMPA|UT|60619|5236
THOMAS|NEWMAN|1010 LOIS ST|SHORELINE|OR|10467|8027
MOHAMED|RASCO|1205 ROUND POND RD|TULARE|KY|78218|5378
MARY|HILLARD|6161 DONIPHAN DR|ESCONDIDO|NV|07304|1408
FELICIA|MILLER|302 MAXWELL WAY|MAPLE PARK|TX|64064|3416
OBERLIN|BAILEY|506 E 30TH ST|WHEATLEY HEIGHTS|KY|63376|4309
DAVID|LOPEZ|9041 MANSFIELD RD|CHANDLER|OH|38115|2702
ANDREWS|TAMBE|6925 WHITE PINE DR|DALLAS|AZ|07632|6128
DAVID|DELGADO|6 GREENFIELD AVE|OAKLAND|CA|19518|4618
RYAN|SWIFT|506 KENT DR|WASHINGTON|DE|62343|6320
MARGARET|RAPER|2945 S BRENTMOOR AVE|VINTON|UT|28716|3569
NICHOLETTE|ANDERSN|111 PARKSTONE DR|WEST LAFAYETTE|VA|45503|2618
MARGARET|KACMARYNSKI|2400 SW BEVERLY CT|DENVER|CA|76120|1537
RICHARD|HARRIS|7422 GARDEN GRV|WAYNESBORO|OR|28278|1110
OTTO|PO|315 8TH ST|ALAMOGORDO|TX|30014|3807
NATHAN|MOORE|17220 NW 56TH AVE|NASHVILLE|FL|19605|3375
JENNIFER|REYNOLDS|PO BOX 201|CHANDLER|WA|78163|3750
RIMMA|MCDERMOTT|531 HILLYER ST|MARIETTA|PA|29520|5857
TODD|TELATNIK|59A LONGBOAT DR|NEW CANEY|CA|76244|2083
SHAYRA|RUIZ|4703 E NEVADA ST|GARLAND|NY|59101|2335
ERIC|VANNIEKERK|2077 CLAIRMEADE VALLEY RD NE|FORT LAUDERDALE|MA|22039|5294
MARGARET|RICE|5414 HIGHWAY 308|BUFFALO|AZ|31503|3795
ANGELO|HANSEN|1417 E ECKERMAN AVE|MIDDLETOWN|WA|76252|4829
LISA|HILLYARD|208 EDELWEISS ST|DETROIT|VT|92701|1140
ZORAN|KOEHLER|2816 NE 35TH ST|ANDALUSIA|IN|94531|4403
WILLIAM|WARD|504 RIVERTRACE CV|PHARR|DC|96816|1524
TRACI|JACOBS|8230 GOLD TEE DR|CHICAGO|NJ|50310|8935
AMANDA|WALKER|112 AUDREY WAY|FAIRDALE|PA|23229|1397
MAYA|RIVERA|2121 MELVIN ST|LAKE CHARLES|FL|32205|3512
MARCY|BROWN|60 ZACHARY LN|HOLYOKE|MI|10017|2773
OLIVIA|FRANKLIN|215 ROWE AVE|ORLANDO|TX|50325|1637
LORI|HAMILTON|5566 W BRADFORD RD|AUSTIN|NJ|97202|2602
BARBARA|MANGINELLI|4521 64TH AVENUE PL|ELKHART|TX|32714|0136
CORINNE|DOYLE|432 AUTUMN AVE|HUDSON|NY|45601|2313
SEBASTIAN|MCLEAN|4421 N WHIPPLE ST|WESLACO|CA|20001|3556
DAVID|JONES|6061 LAKE ST|GLENCOE|VA|96818|5013
CARTER|JOHNSON|3330 W 128TH ST|HOLDEN|VA|33976|0483
BRIAN|ANDERSON|19412 KEWANEE AVE|BRONX|VA|65793|2606
VICENTE|FLEMMING|110 RUSTIC TRAIL RD|DOYLESTOWN|TN|30046|2328
CANDICE|PATTON|5662 TOM FORK RD|MONROEVILLE|MD|40914|4023
FREDRICO|CHANDLER|257 FAYETTE ST|PIASA|OK|98418|5561
TRACY|NEWVILLE|3217 KENICOTT DR|CLEVELAND|TN|48195|2734
QUINNE|CHUNG|5434 BEAVER DR SW|MINNEAPOLIS|KY|47025|5267
MICHAEL|HEATH|3705 S WALCOTT ST|LEWISTON|NJ|84501|9129
THERESA|DYKES|1974 S AVENIDA PLANETA|ALBUQUERQUE|MN|79925|2534
TAYLOR|MUNOZ|1004 ROBINSON DR|EAGLE BRIDGE|FL|44256|4117
RAYMOND|KITZINGER|27218 SPIRAL CYN|BOCA RATON|TX|50166|2808
JAMES|STONE|932 TAMMY ANNE DR|PARK CITY|TN|11710|3450
UMESH|GARCIA|6122 51ST ST NE|DANVILLE|MA|02726|6208
ROY|CRISPIN|176 WILLOW DR|ORMOND BEACH|NC|05045|8661
MARGARET|HALEEM|61558 BAYSHORE DR|HARRISONBURG|WA|97301|2415
JUSTIN|HARRIS|118 FLATCREEK DR|ARVADA|MI|91770|7365
JOHN|HERNANDEZ|600 WOODARD DR|EAGLE|IL|33149|2313
EMILY|DOZIER|31921 ARIEL CT|GRAYSON|OH|95747|8836
AUBREY|WILKERSON|PO BOX 253|LYNDHURST|MA|30028|3718
SERGIY|CERRONE|7044 IVY POINTE ROW|WATERVLIET|TX|10011|3094
HAILEY|SOUCY|826 W WEBSTER ST|CARRIERE|TX|27948|5108
DEBORAH|RIVERA|156 GLOBE HILL RD|ELLICOTT CITY|TX|92557|0914
CLARA|LAURENCE|1429 SUMMIT DR|BURTON|TX|79720|3702
CUTHBERT|CRAY|4801 W ROUGHRIDER CIR|MANHATTAN BEACH|NC|72801|3821
THADDEUS|MANESS|25329 MACEDONIA RD|VIRGINIA BEACH|TX|83687|1302
TIMOTHY|HERBERT|106 BEAVERFORK RD|MUSKOGEE|PA|32773|8624
JOVITA|ALBUREZ|9 NANNIE GOAT LN|CENTER POINT|FL|55426|5601
HARRY|SOUSA|257 CROSSING CRK N|NEW ORLEANS|NJ|60188|2935
MONTEL|RONK|1993 LEMON GROVE AVE|WINDSOR|MN|22485|6826
CADE|MOORE|3517 AMBER KING CT|AKRON|WI|43204|4902
RAELENE|BRISKEY|25449 BOXELDER DR|NEWTON|NC|08326|4661
JANET|SHINGLETON|2917 PUEBLO CT S|PENSACOLA|NY|30281|8564
VALERIE|FRENCH JR|9777 SADDLE CT|MALDEN|NY|33880|1304
VICTOR|THOMPSON JR|9009 185TH ST|TULSA|FL|48334|7653
WILLIAM|LAVALLEY|12 CLARKSON ST|MONTEZUMA|CA|40769|3439
BRANDON|CLENDENIN|1520 SAYBROOK RD|HOLBROOK|IN|39047|8268
ERIK|PICKETT JR|1700 BEDFORD AVE|KISSIMMEE|OH|33027|8354
YAPHETT|RICHARDSON|1030 N TUCSON BLVD|GREENVILLE|OR|53083|2583
CHARLES|CABRAS|3054 UPPER PEACHTREE RD|HOLTON|GA|65781|2261
LEXI|SHELTON|1356 GRACE LN|CENTER LINE|IL|77079|2316
GREGORY|KEELER|1115 KNOX ROAD 1080 N|SAN DIEGO|MI|77373|3067
DEBORAH|PEEK|58 SUNSET BLVD|AURORA|MD|63123|4981
ROSANA|dick|1774 E 250 N|GILBERT|AL|59925|3030
ORLANDO|HOUELLEMONT|2369 SUMMERFIELD RD|VIRGINIA BEACH|SC|29574|1332
KATRISHA|HENNESSEY|3232 YORKTOWN DR|PROSPER|PA|30471|8424
REAGHAN|PEREZ|5 S LOS ROBLES CT|JACKSONVILLE|VA|46016|2615
PIO|FLEMING|14890 WAR EMBLEM DR|HUDSON|MI|12553|5903
CHARLES|SMITH|110 BELVEDERE CT|MADISON|IN|54401|4220
ANA|THIGPEN JR|5133 N CUMBERLAND BLVD|SALT LAKE CITY|AZ|08021|4439
DESTINY|GONZALES|37 TULIP RD|HOLIDAY|WA|11212|5900
LO|HITT|4441 N 183RD ST W|MILWAUKEE|KS|60124|0432
DEBBY|KASERMAN|831 WILMINGTON RD|CHELSEA|TX|20105|2326
JACK|MOONEYHAM|718 S STORY RD|BLAINE|TX|79936|2790
WILLIAM|CONGER|5421 E GILL PL|MORGAN|NC|85016|4330
KATHERINE|THOMAS|135A GARDEN VILLAGE DR|LITHONIA|PA|94619|1465
MARK|MCMULLEN|2548 RUSK ST|MADISON|CA|40071|1142
PHILLIP|WEBB WEBB|1414 GOLF VIEW CT|CASTLETON ON HUDSON|TX|33311|5859
ALISA|HOLMES|102 OAKLAWN DR|MESQUITE|LA|44306|2319
HENRY|MARKLEY|33 OAK CREEK LN|WILLOWBROOK|TX|28104|7432
DAVID|PEREZ|26 CLARNER ST|CANTON|IL|23508|1835
FRANK|ABRAHAM|3112 JULES ST|PASADENA|TN|38108|8484
VENKATACHARI|CRAFT|6428 35TH AVE|TEATICKET|NY|15217|2338
MARCIO|VORBECK|2034 N 73RD CT|MARIETTA|IN|43081|4840
RORY|BURLESON|77-6220 KAUMALUMALU DR|SAN BERNARDINO|TN|43061|5932
BRIAN|HOUK|7805 SW 11TH PL|BUENA PARK|CO|10472|2677
BRIANNE|BREMER|3316 N MYRTLE AVE|LIBERTY|FL|11566|6157
ANTHONY|MARTIN|6064 DRENTA CIR SW|NEW HOLLAND|NY|10536|8437
PATRICIA|COPPENBARGER|3901 SOUTH BLVD|HUMBLE|TX|46072|9609
ALEX|QUARLES|3240 VILLAWOOD AVE|EUGENE|AZ|05468|2296
SCHONNE|WARD|540 MAIN ST|GOLDEN|CT|23505|3420
DANIEL|FORRESTER|175 HAWK LN|ORIENT|IL|77070|7793
MICHAEL|ALEKSANDROWICZ|1009 SMITH DR|PROSPECT|AR|95207|0961
CHRIS|ROSALES|2904 BEVERLY RD|MONTEBELLO|CA|33773|6017
DAL|HARTZOG|17606 QUARRYWOOD DR|NORTH FORT MYERS|IN|78109|9204
ZACHERY|CARMEN|8054 FAITH LN|FREDERICKSBURG|OH|67516|6677
PAUL|DEPLACES|2704 CREEKSTONE CT|MILWAUKEE|OH|15902|7505
RONALD|JACKSON JR|1277 N HIGHWAY 171|NEEDHAM HEIGHTS|IL|28210|1032
MARIA|SCHLEGEL|7208 LAKESHORE DR|BULLHEAD CITY|CA|10965|4952
TIMOTHY|EWALD|85 SWANSON TER|MYAKKA CITY|NV|18301|2226
EBONY|EVERLY|4045 GREENWELL ST|GAMALIEL|KY|77503|9824
MEMPHIS|WHITE|125 MIDPARK DR|LOS ANGELES|OR|11772|2412
JOANNE|KARBOWSKI|82 JOHANNA LN|YARDLEY|MI|21236|2474
JOSHUA|PEAVY|620 N EMERY LN|LINCOLNTON|OR|30115|6838
CYRUS|HOR|6801 TOPAZ DR|RENO|AL|92129|1609
BOBBY|BUTLER|188 REINICKE ST|COLUMBUS|TX|14010|5713
CRYSTAL|SIMS|147 GOLDEN CITY RD|ARTESIA|CT|42240|7704
MARINA|KENNEY|15314 TYLER ST|AIKEN|NY|21054|3600
ARIEL|THIEM SR|9 GUNNER DR|BOCA RATON|MI|97123|3643
BEMBENEK|NGUYEN|4514 25TH ST|OMAHA|WI|85248|2118
JESSICA|HUDSON|2533 LAKEBEND DR|DALLAS|CA|95670|3878
THOMAS|SMITH|3443 ADDICKS CLODINE RD|OMAHA|AL|34953|4324
TERI|MALIK|6385 STAGG CT|AVENEL|MD|04106|1265
STEVEN|ELLIS|919 LOGAN AVE NW|DAVENPORT|AR|22301|8633
VIVIAN|WILKINS|6425 FAIREST DREAM LN|ARCADIA|GA|02113|7877
LAQECHIA|CLINE JR|20 NORDICA DR|LACOMBE|TX|69101|5535
JOSEPH|RIOS|40924 DIANA LN|EMMAUS|TN|01940|5111
MARIA|LAFATA|2408 MCFERRIN AVE|NEWALLA|OH|34744|1030
FNU|KUEBEL|2914 BASSINGHAM DR|EL PASO|TX|06248|2191
VINODRAJ|THOMPSON|8951 WESLEY PL|TOMS RIVER|FL|87121|3083
FRANK|ANDERSON|710 CYNTHIA LN|JASPER|CA|97132|2147
KOREN|OLSON|3421 W LOYOLA DR|MACON|TX|23111|6109
TALITA|GIBSON|35 FOXTAIL LN|BELLEVUE|GA|99901|9250
KATHLEEN|MUPPARAPU|425 SAINT CLAIR AVE|MANITOWOC|TX|83202|9741
CAROLINA|GAMON|2901 AIRPORT AVE|WATERLOO|FL|35146|7460
DANA|MILLER|27 COLUMBIA ST|SAN DIEGO|CA|52039|2601
RASHEED|SUE|6677 SUTRO HEIGHTS LN|VIRGINIA BEACH|IL|02169|2925
LUCKY|FRALICK|8276 S JACKSON ST|DEER PARK|NV|83440|1144
JOHN|CANCINO|59 FT JOHNSON AVE|TULSA|IL|48436|5346
SUSAN|HO|221 BLAZE CLIMBER WAY|RENO|PA|94107|1826
CHRISTINE|GIBSON IV|PO BOX 335|WATERFORD|SC|23323|3719
MAXINE|GLAVITSCH|8010 QUEEN AVE S|CORNING|NY|98387|3242
ELIZABETH|PEPE|501 NEW ST|REEDS SPRING|MI|28753|1520
MARIO|WINEGARD|1219 BLUE LAKE BLVD|BAYTOWN|FL|19001|2285
VELESKA|KERR|8345 W GALILEO CT|NINEVEH|CA|29223|7640
MYRIAM|MCCRAW JR|864 OCEAN PKWY|MONROE TOWNSHIP|MI|97405|2915
REGINALD|RIHA|43 LAMBS GRV|LA GRANGE|TX|28557|4027
GLORIA|GRIFFIN|3721 TUCKERTON DR|HAWTHORN WOODS|TX|29072|6202
CHRISTOPHE|KAPADIA|3860 WIND DANCER CIR|PORTSMOUTH|UT|08505|7033
RODNEY|REARDON|3237 MCKINLEY AVE|SYRACUSE|MA|55436|9201
EVELINE|STEGNER|14151 SW 30TH TERRACE RD|MOROCCO|NV|15101|4752
MADISON|CROES-LANSPEARY|2213 DICKENS ST|SAINT ALBANS|NY|33916|5828
RENEE|WEISDOCK|506 MAIN ST|HICKSVILLE|GA|94066|9714
JENNIFER|REIGLE|6 MARSHALL DR|CHICAGO|NY|60406|5025
PAK|HOWARD|7179 PLEASANT GROVE CHURCH RD|PHOENIX|IN|79410|6431
FELIPE|WOOD|21 N GRANT ST|FRANKLIN|VA|28112|4604
ROBERT|COHRS|3135 3RD ST NE|TAMPA|AR|34222|2025
SUSAN|LEE|625 RIDGE RD|COCOA|FL|67530|2120
TAWNYA|ELLIOTT|68 STARLIGHT CIR|PORTLAND|TX|14616|4411
HOLLAND|WALKER JR|1722 TOBERMAN ST|GARNETT|GA|29073|4873
STEVEN|BOYLE SR|9202 GLENBURY DR|MILWAUKEE|LA|28016|1510
TAYLOR|SPANGLER|7826 S 67TH EAST AVE|FLIPPIN|IL|11575|3787
S|CUCULLU|PO BOX 570|LILBURN|TX|45414|8515
TANNA|FRESCA|634 W MAGILL AVE|WAVERLY|CA|32344|3523
ROBERT|HEATH|6104 W US HIGHWAY 377|EAST STROUDSBURG|CA|36738|7021
NICHOLE|RESENDIZ|99 MCKINNEY DR|GREENPORT|KY|21539|7436
STEVE|HUANG-WU|811 W BRANNON RD|BOISE|TX|78132|6601
WARREN|CLAYTON|10300 RAINTREE COMMONS CT|GREENSBORO|OH|52241|9778
FRED|KWAN|93 KENNEDY AVE|CHARLOTTE|TX|40245|4936
TRINA|JONES|2260 N CAHUENGA BLVD|ROCHESTER|NY|76227|1200
CHRIS|CERVANTES|7258 FOUNTAIN AVE|LAKEWOOD|PA|75165|6132
HAUKE|TAPIZ|6540 BROOK TROUT LN|BROOKLYN|FL|50014|1668
LATONYA|SAMUELS|8555 E EVANS AVE|INDEPENDENCE|IL|03062|1294
OFELIA|ZHOU|2011 LINNHURST DR|MORRISVILLE|WA|35043|4653
GENOVEVA|WOZNICHAK|1902 EATON CT|SPRINGFIELD|AZ|44145|3463
ERIC|MARTINEZ|91 BEDFORD D|JACKSON|AL|80132|6652
JESSICA|HERNDON|297 HUBBARD AVE|RICHMOND|MI|23666|7413
ANGELA|LUCAS|1110 SPRUCE HILLS DR|RAMONA|WI|70431|1190
CRISTHIAN|HORBAL|39581 OLD DOMINION DR|CHESTERBROOK|PA|88012|1233
ANDREA|LAUGHMAN|153 PINEVIEW DR|CHARLOTTE|OH|25015|1209
BRETT|LUMPKINS|3301 MARCUS DR|BINGHAMTON|IN|55344|7726
MARY|FRYBA-UCZEN|7800 JACKSBORO HWY|PALISADE|GA|26374|7949
CEDRIC|COLLADO|2837 SUGAR TREE RD|EVERGREEN|PA|26757|1770
MYLES|MELENDEZ|216 S BOODY ST|MCKINNEY|WI|72923|2625
PEGGY|PROAKIS|6612 W 6TH PL|MIFFLIN|GA|68502|2237
MELISSA|BALAS JR|9759 NORTHFIELD LN|NAPERVILLE|TX|92610|5127
EDITH|BURTIS|6 BANCROFT CT|SNOHOMISH|OR|33810|2003
JAQUELINE|KIRSCH|1201 S 4TH AVE|SHELBY TOWNSHIP|CO|29466|2010
SYDNIE|BOLOMEY|9213 WATER MILL RD|LAURENS|WV|75025|7830
JAYONA|PECKENPAUGH|2104 RAMAH RD|YONKERS|VA|48504|1533
SCOTT|CROATT|5764 BALLINGER DR|COLUMBIA|NJ|77060|2640
TYRENZA|BRUCE|PO BOX 1549|PHILADELPHIA|GA|46182|3080
CAMILLA|FIELDS|161 W WATERBURY RD|NEW IBERIA|KS|29464|3162
DIEGO|ARELLANO|5270 HARBORAGE DR|CENTERVILLE|VA|46037|6249
LULAR|BRIDGES|1660 HOOVER HILL RD|MARIETTA|MA|80928|3278
MULDER|COOPER|301 KENTUCKY LN|PHILADELPHIA|OR|49657|3301
DIANE|WARDLE|318 TENNESSEE AVE NE|TEANECK|SC|12550|3402
MARK|GRAVES|908 GLOUCESTER CT|STEUBENVILLE|KY|49461|3121
LORI|FLAHERTY|1440 COUNTY ROAD 121|STATESVILLE|OH|28247|3237
PAUL|BROVER|30 DUKE LN|NORTH DARTMOUTH|NC|43065|8757
CAROL|JOHNSTON|111 E 85TH ST|CONWAY|NJ|42066|9589
JOSEFIN|MCLEAN|5496 HIGHWAY 4 W|ABINGDON|FL|61701|7389
HILAIRE|POORE|313 LOCUST ST|FORT WORTH|AL|89134|1437
SARA|ARROYO|8169 EVERGREEN AVE|GLENDALE|FL|94558|5005
JR|CURRAN|11 JOHN ST|CONCORD|MN|66062|2502
MCGILL|CLEGG|230 E POLK AVE|VAN BUREN|LA|34731|8598
ALBERT|ROYALS|614 CLAREMONT CT|FRANKLIN|KY|38128|9716
JAMIE|MEDINA-RODRIGUEZ|10660 N DEVLIN CIR|NORTH MIAMI|OH|33071|2224
JOYCE|KELLY|528 PRAIRIE VIEW DR|ORANGEBURG|AL|02910|3893
CLAYTON|GROTE|1033 WISH CIR|BIRCHWOOD|SC|02747|4808
JIANCARLOS|KISART|4910 HUNT RD|PORTERDALE|OH|30041|6054
KEITH|GREGG|600 THORN RD|ASHLAND|OR|06488|8241
SJON|NELSON|5725 N MAROA AVE|REPUBLIC|CA|42104|6006
JOHNNA|FRANKLIN|4681 W CONRAD RD|HOLDENVILLE|NE|11212|3804
HANNAH|DIRNBECK|5610 46TH AVE|WILMINGTON|NC|34119|8947
DAVID|THOMAS|328 best task ever|TRINITY|CA|51553|4548
DANA|BURTON|8210 N ST ANDREWS DR|CANADIAN|TX|32317|3002
MICHAEL|DEVINE|208 GRAMERCY PARK DR|EAST HELENA|MD|90003|3558
JASON|SLATE|508 LEXINGTON CIR|BRYAN|OH|97330|8663
BASEM|MEDRANO|6713 AVENUE Q 1/2|NEOSHO|OH|84651|4514
TIMOTHY|JOHNSON|5291 COLLINS RD|BRISTOL|IN|85024|9444
JOHN|CAWTHON|183 NW 9TH ST|ROCKFORD|NC|32025|9576
PATRICK|HARRIS|804 CRESTVIEW DR|WESTMINSTER|TX|07055|5131
MORGAN|VAUGHAN|534 RAYMOND ST|ADAMS|MD|30344|5501
AUTUMN|HASKINS|1206 MCCAULEY LN|WESLEY CHAPEL|FL|61554|1705
NEALE|MAXIE|188 BELLEVUE WAY NE|POULSBO|TN|95360|3161
SHANE|DIMMITT|6015 NORTHWOOD CT|HILLSBOROUGH|WI|47203|1909
MIGUEL|ANGELO|8014 338TH ST|LAS VEGAS|DE|80910|4423
JO|IGLESIAS|741 LETITIA DR|DUNNELLON|MN|80027|8404
TAYLOR|LATHAM|34 COLLEGE AVE|WASHINGTON|NY|78249|3212
THOMAS|KEMP|2104 WOODFORK RD|DECATUR|FL|27501|2213
DARIUS|CRIGGER|1799 MAPMAKER DR|PEARL CITY|TX|04492|2100
JILL|DANSEREAU|4115 LAUREL ST|ELLERBE|PA|97402|2846
MILAGROS|MATHIS|19 ONEIL ST|MURPHYS|CA|55118|6217
LARRY|KEZIRAH|PO BOX 201|HOUSTON|CA|19140|4003
DENISE|HANRAHAN|2730 LOCKSLEY PL|LOVELAND|NY|65247|1648
BRENDA|DAVIS|1610 S HARVARD ST|WOODBRIDGE|MD|32696|8949
THOMAS|WAGONER III|30 2ND ST|ORLANDO|TN|11530|5984
HEATHER|BRADLEY|637 MARIN AVE|LIGONIER|TX|33714|3130
ANICETO|IMBO|7930 ANZA RUN|WEST GREENWICH|NM|34953|8714
SHARON|RUMSEY|PO BOX 418|WAUKEGAN|WA|36507|1913
CRAIG|PATTERSON|12 CARLMARK ST|REISTERSTOWN|NJ|12065|1710
KAYLEE|PALMER|764 BAYBERRY DR|BRONX|VA|77047|9573
NICHELLE|NORBY|5303 WALTON AVE|LEWISTOWN|OH|06109|8724
MARK|WREN|1076 S CRESTVIEW CIR|COLORADO SPRINGS|FL|98513|5223
GREGORY|GONZALEZ|1828 N LOCUST ST|MONTEREY|MN|60614|8936
EDEN|CARPENTER|1530 W 204TH ST|LA VERGNE|TX|70764|3312
KRISTEL|DAVIS|1108 W GATES DR|PALM COAST|ND|89149|1314
MARIA|CHANDLER|531 STANTON STATION RD|BIRCHWOOD|KS|39208|4837
PATRICIA|LOGGINS|PO BOX 1653|INDEPENDENCE|MA|77031|3958
KATHY|MCCLINTON|735 CLEMENT AVE|EL MIRAGE|CO|33605|3778
JESSICA|THOMAS|1696 TERILYN AVE|YONKERS|WA|93241|7220
JOHN|MOHLER|12800 NE 4TH ST|BRIGHAM CITY|WI|90602|8906
PERRY|PEDIGO|5191 CALLE ASILO|NASHVILLE|TX|28650|6808
EMMANUEL|HUDSON|16915 RHODES LN|SILVER SPRING|PA|44221|1857
KRYSTYNA|PINTO|1728 MOUNT VERNON ST|HAMPTON|NY|74083|0363
RENEE|HARTSUYKER|533 N LAMB BLVD|GARFIELD|KY|36065|9707
ERNEST|MCDONALD|8930 W 14 MILE RD|MARINE|NY|21208|1840
PEARLIE|SHROLL|264 COURTLAND AVE|FLUSHING|FL|10010|8893
DONALD|BRUNNER|27165 WINCHESTER ST|BONITA SPRINGS|NC|24431|2747
AMBER|HARVEY|12 WINDWARD DR|WINTER HAVEN|MA|30144|6342
JOE|ARMSTRONG|4125 E HARTFORD AVE|APOPKA|PA|89447|6022
JOHN|CONOVER|2991 OAK GROVE RD|GREEN BAY|AR|06854|1343
PEGGY|EVERTS|545 DALLAS ST SE|SAN DIEGO|NC|33612|6918
SAMANTHA|MEREDITH|9314 SUNSHINE AVE|VANCOUVER|NJ|07461|5658
LAWRENCE|ROY JR|2060 KIMBALL ST|WOLCOTT|GA|92346|3435
GLENDA|FLINSKY|10080 433RD AVE|WOODBINE|GA|32708|8899
TRENT|PROMISE|1710 ALDER AVE|TROY|OH|38930|2230
PATRICIA|HASKELL|2 WESTMINISTER CT|ARCHBALD|MN|58276|9441
EMILY|ABRAHAM|1017 MILL RD|WILLOWS|NY|98409|6880
ANNA|BURGOS|849 VINE ST|LEBANON|SC|87062|2972
PYHRRHA|OSBORNE|5723 KLUMP AVE|CORAM|OK|60620|9321
MADINO|CALLAHAN|4629 MYRTLE LN|ROCHESTER HILLS|TX|16933|7688
MARIA|FUENTES|11200 HUFFMEISTER RD|JERSEY CITY|MI|01109|1438
JAMES|LASTOR|2302 GOODE CIR|FORNEY|OR|78750|3408
ENEDELIO|MILLER|21 ALAN WAY|PFLUGERVILLE|TX|28455|5944
VISHNU|NEWMAN|3825 PRISCILLA DR|aaaaa|MS|44067|2236
MIRANDA|RODRIGUEZ|80558 COUNTY ROAD H|REDLAKE|TX|80211|2680
DANIEL|REED|334 HEATHER LANE CIR|HUNTSVILLE|NY|87144|6310
CHRISTINE|BIFFLE|406 S MIAMI AVE|LITTLE ROCK|WA|34491|2855
SHIVA|MALACARA|114 LONGRIDGE LOOP|LAFAYETTE|TX|85225|5020
JEFFREY|ALBERTS SR|1189 W OAK DRIVE CIR|ALTON|NC|78254|7789
PEYTON|REID|5001 W FLORIDA AVE|NORCO|FL|32225|7237
DARIAN|MCCOY|816 SAINT MARYS AVE|PORT SAINT LUCIE|WA|07436|9220
OLIVIA|BENTANCUR|49 KREIDER AVE|AUBURN|CA|48328|8459
AMMR|JAMES|PO BOX 303|DOVER|IA|33440|4286
ERIC|GALLAGHER|635 12TH AVE NE|SCHENECTADY|TX|43230|2367
STACEY|NGUYEN|32109 11TH AVE SW|STERLING|SC|13502|9659
HAT|DEIN|4219 BEACH BLUFF RD|STILLWATER|OH|92509|2351
RAVEN|MILLAR|2550 PEAR ORCHARD RD|STANBERRY|FL|08330|3001
ALEXIS|REDANSKY|11050 WESTWOOD RD|BRYCEVILLE|TX|22003|2903
DANIEL|BARTELS|3314 S SAINT CLOUD AVE|HEWITT|NY|95948|6215
ALEXIS|PADDOCK|4752 E MOUNTAIN SAGE DR|KANSAS CITY|IL|93063|2209
JAMES|MEGGS|5 ROUND TABLE RD|MIDLAND|MI|85345|2409
BRIAN|GABLER|10000 ROCK HL|SOUTH HADLEY|FL|26003|7127
DENNIS|OLSON|8 OAKRIDGE CT|LONE JACK|FL|85258|6401
DOROTHY|WOOD|4332 CRANBROOK CIR|ALTON|KY|62545|8203
DULCE|JACKSON|6110 PACIFIC AVE SE|CEDAR BLUFF|NM|17560|3227
WILLIS|CHAVIRA|7832 6TH AVE N|TOLEDO|NV|98531|5223
WILLIAM|ELLER|924 POINT PLEASANT RD|CARROLLTON|AZ|23229|1126
FARHAD|LANGE|150 WEST ST|MOBILE|CA|77659|9315
LASKI|JOY|682 HILARY DR|FERNANDINA BEACH|TX|60181|2243
LAURA|SKRZYNSKI|28 N SPRING RD|SHEBOYGAN|IL|76013|6045
EVELYN|COBB|63 HANCOCK ST|WARREN|PA|34207|2882
MIYOKO|WESTOVER JR|11 POPPER ST|GREENSBORO|PA|91342|4579
MAMADOU|APUHIN|11895 SANDRIDGE RD|KINSTON|OH|43123|1244
ALEX|VANCE|69212 290TH ST|LAS VEGAS|FL|92404|4841
SARAH|GIFFORD|8723 92ND ST|ARLINGTON|SC|75203|6073
LORRAINE|STROUBE|831 CASLON WAY|PUEBLO|TX|29418|2732
JANESA|LINK|2447 LEVEL GREEN RD|VISALIA|CO|61473|1052
PAMELA|TOM|145 SAWMILL CREEK RD|SELMA|FL|93309|8665
GWEN|GILLIKIN|PO BOX 74|NAPA|WA|19127|7587
ANDRES|ARMSTRONG|3014 EMILY VISTA LN|REDWOOD VALLEY|NY|32935|3141
GUSTAVO|SIMMER|20313 N FLETCHER WAY|SAN DIEGO|NC|90006|2212
MICHAEL|RODRIGUEZ|214 STILES RD SW|KISSIMMEE|CA|14227|3119
ROBERT|BRACKINS|625 DANUBE WAY|BRONX|TN|87505|2716
JESSICA|FIELDS JR|8700 MERIDIAN OAK LN|BRENTWOOD|KS|38583|1830
ROBERTO|HERMIZ|144 DOGWOOD DR|CHEYENNE|MS|78723|2003
GREYE|WARREN|53535 HIGHWAY 436|FORT WAYNE|OK|63043|9404
MARZIEH|OMEL|360 ANDOVER ST|IRVING|OH|31014|8015
HANNAH|RODRIGUEZ|8726 W VIRGINIA AVE|WABASH|TX|33162|2016
VERONICA|KADERAVEK|160 WYNSHIRE LN|HILBERT|FL|78570|3403
MERRY|SARGENT|10 PARADE GROUND RD|CHINLE|WA|89183|4090
W|KOBILIS|PO BOX 580|PINCKNEY|MI|06057|5527
ALLIDA|LASH|PO BOX 20256|HOUMA|MI|32350|9400
JOSEPH|MEBANE|1629 JONES RD|FLORENCE|NY|97058|3720
COLBY|OLIVARES|10855 W SANTA FE DR|SNOHOMISH|CA|75204|2528
ANDRELIZ|BRANCH|15410 SE 272ND ST|HAMILTON|OH|15317|6263
SKYLER|GONZALEZ|501 WOODVIEW DR|BERKELEY|NY|31906|1111
ANTHONY|AGUILAR|25 SCOTSDALE RD|PANORAMA CITY|GA|99517|1923
YVETTE|HIRKO|6911 HOLLOW OAK DR|SYLVANIA|CA|07002|1464
KEISHLA|ACEVES|2311 LEES CT|SAN ANGELO|CO|78731|1746
JESUS|ESCOLAS|1133 MADISON LYNN WAY|RIVERSIDE|ME|98604|9466
JACQUELYNN|HUNDEN|21050 NE 38TH AVE|POESTENKILL|LA|19131|2116
NANCY|MOREAU JR|1403 8TH ST|LAREDO|NJ|84663|4201
JULIA|VAZQUEZ|2199 WAKITA DR SE|BUFFALO|OR|49945|7865
DEJANAY|HOPWOOD|PO BOX 755|PFLUGERVILLE|GA|66109|3346
JACQUELINE|ARCHER|1623 FAIRWAY VALLEY DR|CREAM RIDGE|FL|77833|3434
NAOMI|SULLIVAN|3716 PRETTY LAKE AVE|SEMINOLE|WA|60622|8315
VICTORIA|PROCOPIO|2059 MULKEY RD SW|FOND DU LAC|MO|43081|2532
BRIANA|WIECZOREK|414 SAMANTHA K CT|WESTON|MA|28530|1313
GARY|ESPINOZA|2916 SW 31ST CT|MOBILE|SC|44646|9390
TYRONE|MURPHY|6409 PINEHURST RUN|CLAREMORE|TN|11510|9745
NATASHA|KYSER|12111 AUDELIA RD|SEGUIN|AR|75965|4944
PAUL|FERGUSON|301 OXFORD DR|TULSA|CO|33545|3728
DAN|ALLEN|1110 WYOMING ST|EAST GREENVILLE|TX|80011|8238
ROBERT|DUBOSE|489 E PAROWAN WAY|ALHAMBRA|IL|93312|1342
CHRISTOPHE|BROWN|105 TRADEWIND DR|PLANO|NY|36319|1555
JEANNETTE|AVERY|4639 S ARLINGTON PARK DR|LARGO|FL|98445|4631
LUCINEA|ARMSTRONG|5722 STANFIELD RIDGE DR|LOWELL|CO|53005|2837
JESSICA|FISHBURN|2034 10 MILE RD NE|CULPEPER|MN|55360|3117
JULIA|JIMMY OOLS|835 RALPH AVE|PALOS VERDES ESTATES|TX|04963|4514
PAULINO|DELP|31 ALLENBY LN|HARVEST|TX|59923|1084
GERALD|MUFFLY SR|188 BILL CANADY RD|WOODBRIDGE|AZ|23456|2614
BETTY|LONERGAN|1490 HORNELL LOOP|MARTINSBURG|NY|28173|9436
